Generator,Dirty_DBLP-ACM,Dirty_DBLP-GoogleScholar,Dirty_iTunes-Amazon,Dirty_Walmart-Amazon,Structured_Amazon-Google,Structured_Beer,Structured_DBLP-ACM,Structured_DBLP-GoogleScholar,Structured_Fodors-Zagats,Structured_iTunes-Amazon,Structured_Walmart-Amazon,Textual_Abt-Buy
Baseline,0.9082672706681768,0.834214320038443,0.6222222222222222,0.3785714285714285,0.5621621621621621,0.8484848484848484,0.9843400447427292,0.9491046182846372,1.0,0.9642857142857144,0.7439024390243902,0.5033112582781457
d_Baseline,0.8964732650739476,0.8005684509711037,0.6,0.3563636363636363,0.3542857142857142,0.8125000000000001,0.9787234042553192,0.9099709583736688,1.0,0.8666666666666665,0.6990291262135921,0.3041825095057034
CTGAN,0.8806306306306307,0.7895448400180262,0.2580645161290322,0.3522012578616352,0.4117647058823529,0.7586206896551724,0.9719416386083052,0.910144927536232,0.9777777777777776,0.8666666666666665,0.7062706270627062,0.3228070175438597
GPT-2_ft,0.8727705112960761,0.7927663734115347,0.3157894736842105,0.0478468899521531,0.2848297213622291,0.4,0.9785794813979708,0.8904244817374136,0.9,0.896551724137931,0.0796019900497512,0.1145374449339207
GPT-2_nft,0.8647398843930635,0.7673019057171514,0.4444444444444445,0.0471698113207547,0.3372781065088757,0.5454545454545454,0.9753914988814316,0.8773006134969326,0.9545454545454546,0.9615384615384616,0.5543071161048688,0.2348178137651821
Augmentation,0.3649122807017543,0.3359999999999999,0.4761904761904761,0.056338028169014,0.0784313725490196,0.6,0.5591054313099042,0.5804416403785488,0.9523809523809524,0.9090909090909092,0.0934579439252336,0.0187793427230046
