Generator,Dirty_DBLP-ACM,Dirty_DBLP-GoogleScholar,Dirty_iTunes-Amazon,Dirty_Walmart-Amazon,Structured_Amazon-Google,Structured_Beer,Structured_DBLP-ACM,Structured_DBLP-GoogleScholar,Structured_Fodors-Zagats,Structured_iTunes-Amazon,Structured_Walmart-Amazon,Textual_Abt-Buy
Baseline,0.9131905298759864,0.8281853281853281,0.6666666666666666,0.3727598566308244,0.574468085106383,0.8125000000000001,0.9854748603351956,0.948015122873346,1.0,0.9818181818181818,0.7446153846153847,0.5033112582781457
d_Baseline,0.8944381384790012,0.8013245033112583,0.4736842105263157,0.3568773234200743,0.3791208791208791,0.75,0.9763779527559054,0.913022585295531,1.0,0.8666666666666665,0.7207792207792207,0.3082706766917293
CTGAN,0.3100880162491536,0.2900302114803625,0.1379310344827586,0.1759162303664921,0.2406015037593984,0.3846153846153846,0.7899461400359066,0.5100158982511923,0.2279792746113989,0.4695652173913043,0.2023121387283236,0.1978021978021978
GPT-2_ft,0.0650759219088937,0.4833442194644023,0.3529411764705882,0.0101522842639593,0.0168067226890756,0.1333333333333333,0.0,0.6183115338882283,0.0,0.1999999999999999,0.0,0.0096618357487922
GPT-2_nft,0.4644549763033175,0.2514011208967174,0.3692307692307692,0.0,0.0562248995983935,0.1333333333333333,0.8948655256723717,0.6666666666666665,0.8717948717948718,0.8846153846153846,0.0,0.0
Augmentation,0.2651933701657458,0.2786885245901639,0.4761904761904761,0.0779220779220779,0.0465116279069767,0.4444444444444445,0.1463414634146341,0.3730272596843615,0.4285714285714285,0.8928571428571429,0.0633484162895927,0.0186915887850467
