Generator,Dirty_DBLP-ACM,Dirty_DBLP-GoogleScholar,Dirty_iTunes-Amazon,Dirty_Walmart-Amazon,Structured_Amazon-Google,Structured_Beer,Structured_DBLP-ACM,Structured_DBLP-GoogleScholar,Structured_Fodors-Zagats,Structured_iTunes-Amazon,Structured_Walmart-Amazon,Textual_Abt-Buy
Baseline,0.9082672706681768,0.834214320038443,0.6222222222222222,0.3785714285714285,0.5621621621621621,0.8484848484848484,0.9843400447427292,0.9491046182846372,1.0,0.9642857142857144,0.7439024390243902,0.5033112582781457
d_Baseline,0.8964732650739476,0.8005684509711037,0.6,0.3563636363636363,0.3542857142857142,0.8125000000000001,0.9787234042553192,0.9099709583736688,1.0,0.8666666666666665,0.6990291262135921,0.3041825095057034
CTGAN,0.8775055679287305,0.7960378208014408,0.3428571428571428,0.3475409836065573,0.4471153846153846,0.7999999999999999,0.967670011148272,0.9160671462829736,0.7857142857142858,0.8852459016393442,0.69281045751634,0.3060498220640569
GPT-2_ft,0.8891352549889135,0.7968533086534012,0.5365853658536585,0.381625441696113,0.4215686274509804,0.7222222222222223,0.9646017699115044,0.9187411930483794,0.8,0.912280701754386,0.7168674698795181,0.3851351351351351
GPT-2_nft,0.88113413304253,0.7922258213789912,0.4912280701754386,0.389261744966443,0.4770240700218818,0.742857142857143,0.9645232815964524,0.9090909090909092,0.7213114754098361,0.8571428571428571,0.7207207207207206,0.3754266211604095
Augmentation,0.8333333333333333,0.7531572904707233,0.5319148936170213,0.3419847328244275,0.4310544611819235,0.5714285714285715,0.948051948051948,0.8679401993355481,0.7213114754098361,0.8307692307692308,0.6327433628318584,0.4426229508196722
