Generator,Dirty_DBLP-ACM,Dirty_DBLP-GoogleScholar,Dirty_iTunes-Amazon,Dirty_Walmart-Amazon,Structured_Amazon-Google,Structured_Beer,Structured_DBLP-ACM,Structured_DBLP-GoogleScholar,Structured_Fodors-Zagats,Structured_iTunes-Amazon,Structured_Walmart-Amazon,Textual_Abt-Buy
Baseline,0.9131905298759864,0.8281853281853281,0.6666666666666666,0.3727598566308244,0.574468085106383,0.8125000000000001,0.9854748603351956,0.948015122873346,1.0,0.9818181818181818,0.7446153846153847,0.5033112582781457
d_Baseline,0.8944381384790012,0.8013245033112583,0.4736842105263157,0.3568773234200743,0.3791208791208791,0.75,0.9763779527559054,0.913022585295531,1.0,0.8666666666666665,0.7207792207792207,0.3082706766917293
CTGAN,0.895040369088812,0.7984862819299906,0.4571428571428571,0.3233082706766916,0.4347826086956521,0.8571428571428571,0.976271186440678,0.9091792132102964,1.0,0.8666666666666665,0.7058823529411765,0.3296703296703296
GPT-2_ft,0.8779342723004694,0.7968977217644209,0.3529411764705882,0.0574162679425837,0.2443729903536977,0.1052631578947368,0.976271186440678,0.8856714927608588,0.9523809523809524,0.782608695652174,0.0505050505050505,0.146551724137931
GPT-2_nft,0.8767772511848342,0.7852216748768474,0.3529411764705882,0.0390243902439024,0.1544117647058823,0.5714285714285714,0.9751131221719456,0.8691636736788098,0.9767441860465116,0.9411764705882352,0.0985221674876847,0.2177419354838709
Augmentation,0.0397350993377483,0.0420475319926873,0.0,0.0,0.0,0.0,0.3181818181818182,0.2357790601813685,0.1666666666666666,0.3125,0.0205128205128205,0.0
