Generator,Dirty_DBLP-ACM,Dirty_DBLP-GoogleScholar,Dirty_iTunes-Amazon,Dirty_Walmart-Amazon,Structured_Amazon-Google,Structured_Beer,Structured_DBLP-ACM,Structured_DBLP-GoogleScholar,Structured_Fodors-Zagats,Structured_iTunes-Amazon,Structured_Walmart-Amazon,Textual_Abt-Buy
Baseline,0.9131905298759864,0.8281853281853281,0.6666666666666666,0.3727598566308244,0.574468085106383,0.8125000000000001,0.9854748603351956,0.948015122873346,1.0,0.9818181818181818,0.7446153846153847,0.5033112582781457
d_Baseline,0.8944381384790012,0.8013245033112583,0.4736842105263157,0.3568773234200743,0.3791208791208791,0.75,0.9763779527559054,0.913022585295531,1.0,0.8666666666666665,0.7207792207792207,0.3082706766917293
CTGAN,0.8692737430167597,0.7996406109613657,0.4651162790697674,0.3890577507598785,0.4360189573459715,0.7741935483870968,0.9730941704035874,0.9127516778523488,0.7719298245614035,0.8852459016393442,0.707395498392283,0.3114186851211072
GPT-2_ft,0.8760869565217391,0.7946345975948196,0.4545454545454545,0.3719298245614035,0.4671201814058957,0.7222222222222223,0.9549945115257958,0.9173708920187792,0.8148148148148148,0.912280701754386,0.6900584795321637,0.401294498381877
GPT-2_nft,0.8638799571275456,0.7964684014869887,0.456140350877193,0.3999999999999999,0.4927536231884058,0.6666666666666666,0.9571899012074644,0.9027201475334254,0.7333333333333334,0.9,0.7218934911242604,0.3815789473684211
Augmentation,0.8279252704031465,0.7572741194486983,0.5617977528089888,0.3511450381679389,0.4360189573459715,0.5490196078431372,0.9511400651465798,0.8752093802345059,0.7586206896551725,0.8307692307692308,0.603448275862069,0.4391891891891892
