Generator,Dirty_DBLP-ACM,Dirty_DBLP-GoogleScholar,Dirty_iTunes-Amazon,Dirty_Walmart-Amazon,Structured_Amazon-Google,Structured_Beer,Structured_DBLP-ACM,Structured_DBLP-GoogleScholar,Structured_Fodors-Zagats,Structured_iTunes-Amazon,Structured_Walmart-Amazon,Textual_Abt-Buy
Baseline,0.9131905298759864,0.8281853281853281,0.6666666666666666,0.3727598566308244,0.574468085106383,0.8125000000000001,0.9854748603351956,0.948015122873346,1.0,0.9818181818181818,0.7446153846153847,0.5033112582781457
d_Baseline,0.8944381384790012,0.8013245033112583,0.4736842105263157,0.3568773234200743,0.3791208791208791,0.75,0.9763779527559054,0.913022585295531,1.0,0.8666666666666665,0.7207792207792207,0.3082706766917293
CTGAN,0.8861607142857143,0.7928251121076233,0.3636363636363636,0.3630573248407643,0.4539007092198581,0.7857142857142857,0.9698324022346368,0.9073359073359072,1.0,0.8852459016393442,0.7189542483660131,0.3445945945945945
GPT-2_ft,0.8702830188679245,0.7953667953667954,0.368421052631579,0.0663507109004739,0.2821316614420063,0.3157894736842105,0.976271186440678,0.8961802154750245,0.9,0.9285714285714286,0.0301507537688442,0.1222707423580786
GPT-2_nft,0.8810068649885584,0.782608695652174,0.3902439024390244,0.0382775119617224,0.2402826855123675,0.3157894736842105,0.9753363228699552,0.8862944162436549,0.9767441860465116,0.981132075471698,0.1073170731707317,0.2113821138211382
Augmentation,0.3556338028169014,0.3328530259365994,0.4878048780487805,0.064516129032258,0.0937499999999999,0.6666666666666666,0.5204582651391162,0.5830721003134796,0.9268292682926828,0.9454545454545454,0.0833333333333333,0.0285714285714285
