Generator,Dirty_DBLP-ACM,Dirty_DBLP-GoogleScholar,Dirty_iTunes-Amazon,Dirty_Walmart-Amazon,Structured_Amazon-Google,Structured_Beer,Structured_DBLP-ACM,Structured_DBLP-GoogleScholar,Structured_Fodors-Zagats,Structured_iTunes-Amazon,Structured_Walmart-Amazon,Textual_Abt-Buy
Baseline,0.9082672706681768,0.834214320038443,0.6222222222222222,0.3785714285714285,0.5621621621621621,0.8484848484848484,0.9843400447427292,0.9491046182846372,1.0,0.9642857142857144,0.7439024390243902,0.5033112582781457
d_Baseline,0.8964732650739476,0.8005684509711037,0.6,0.3563636363636363,0.3542857142857142,0.8125000000000001,0.9787234042553192,0.9099709583736688,1.0,0.8666666666666665,0.6990291262135921,0.3041825095057034
CTGAN,0.3100880162491536,0.2900302114803625,0.0714285714285714,0.1828571428571428,0.3023431594860166,0.5714285714285714,0.8018099547511311,0.3551673944687045,0.2268041237113402,0.5192307692307693,0.2021952628538417,0.1980742778541953
GPT-2_ft,0.065359477124183,0.3029366306027821,0.3661971830985915,0.0,0.0,0.1333333333333333,0.0,0.5312899106002555,0.0,0.2898550724637681,0.0,0.0096618357487922
GPT-2_nft,0.5,0.2465531224655312,0.3636363636363637,0.0,0.1123595505617977,0.1333333333333333,0.924122310305776,0.6654545454545455,0.8780487804878049,0.8800000000000001,0.0103092783505154,0.0
Augmentation,0.2693726937269373,0.2756024096385542,0.4545454545454545,0.0854700854700854,0.0849420849420849,0.4444444444444445,0.1463414634146341,0.3831908831908832,0.4827586206896552,0.8076923076923077,0.0627802690582959,0.0372093023255813
