Generator,Dirty_DBLP-ACM,Dirty_DBLP-GoogleScholar,Dirty_iTunes-Amazon,Dirty_Walmart-Amazon,Structured_Amazon-Google,Structured_Beer,Structured_DBLP-ACM,Structured_DBLP-GoogleScholar,Structured_Fodors-Zagats,Structured_iTunes-Amazon,Structured_Walmart-Amazon,Textual_Abt-Buy
Baseline,0.9082672706681768,0.834214320038443,0.6222222222222222,0.3785714285714285,0.5621621621621621,0.8484848484848484,0.9843400447427292,0.9491046182846372,1.0,0.9642857142857144,0.7439024390243902,0.5033112582781457
CTGAN,0.3100880162491536,0.3792957148918116,0.3529411764705882,0.112396694214876,0.1835010060362172,0.3529411764705882,0.3882815916047223,0.5584778959149411,0.88,0.4029850746268656,0.5441176470588236,0.2288557213930348
GPT-2_ft,0.3303326810176125,0.0892857142857142,0.0,0.0,0.1076923076923077,0.0,0.2243713733075435,0.6455223880597014,0.0,0.0,0.0245398773006134,0.072072072072072
GPT-2_nft,0.36331569664903,0.3312883435582822,0.3414634146341463,0.0,0.0,0.1333333333333333,0.93007769145394,0.6756756756756758,0.9565217391304348,0.9615384615384616,0.0,0.0192307692307692
Augmentation,0.2903811252268602,0.3026792179580014,0.368421052631579,0.043859649122807,0.0079051383399209,0.1333333333333333,0.2039215686274509,0.34776228906823187,0.0869565217391304,0.9615384615384616,0.0727272727272727,0.0377358490566037
