Generator,Dirty_DBLP-ACM,Dirty_DBLP-GoogleScholar,Dirty_iTunes-Amazon,Dirty_Walmart-Amazon,Structured_Amazon-Google,Structured_Beer,Structured_DBLP-ACM,Structured_DBLP-GoogleScholar,Structured_Fodors-Zagats,Structured_iTunes-Amazon,Structured_Walmart-Amazon,Textual_Abt-Buy
Baseline,0.9131905298759864,0.8281853281853281,0.6666666666666666,0.3727598566308244,0.574468085106383,0.8125000000000001,0.9854748603351956,0.948015122873346,1.0,0.9818181818181818,0.7446153846153847,0.5033112582781457
CTGAN,0.3100880162491536,0.3743633276740238,0.3428571428571428,0.1160862354892205,0.1835748792270531,0.4444444444444445,0.3893029373081981,0.5511811023622047,0.9166666666666666,0.4,0.5467980295566502,0.227784730913642
GPT-2_ft,0.3578767123287671,0.0807174887892376,0.0,0.0,0.0892193308550185,0.0,0.2357142857142857,0.6239695624603678,0.0,0.0,0.0258397932816537,0.0664451827242525
GPT-2_nft,0.3290203327171904,0.3480243161094225,0.3243243243243243,0.0,0.0084745762711864,0.0,0.9358407079646018,0.6732307692307692,0.9523809523809524,0.9615384615384616,0.0103092783505154,0.0
Augmentation,0.2583025830258302,0.2970007315288954,0.3902439024390244,0.0350877192982456,0.0313725490196078,0.3529411764705882,0.2187499999999999,0.34865061998541214,0.0869565217391304,0.9615384615384616,0.081081081081081,0.0284360189573459
