Generator,Dirty_DBLP-ACM,Dirty_DBLP-GoogleScholar,Dirty_iTunes-Amazon,Dirty_Walmart-Amazon,Structured_Amazon-Google,Structured_Beer,Structured_DBLP-ACM,Structured_DBLP-GoogleScholar,Structured_Fodors-Zagats,Structured_iTunes-Amazon,Structured_Walmart-Amazon,Textual_Abt-Buy
Baseline,0.9082672706681768,0.834214320038443,0.6222222222222222,0.3785714285714285,0.5621621621621621,0.8484848484848484,0.9843400447427292,0.9491046182846372,1.0,0.9642857142857144,0.7439024390243902,0.5033112582781457
CTGAN,0.9121621621621622,0.8310810810810811,0.72,0.3643122676579926,0.595,0.8484848484848484,0.9854423292273236,0.945575011831519,1.0,0.0,0.732919254658385,0.5
GPT-2_ft,0.9072398190045248,0.8275862068965518,0.5499999999999999,0.28,0.4770114942528735,0.7857142857142857,0.9854423292273236,0.9446564885496184,1.0,0.9615384615384616,0.5278810408921933,0.4797297297297297
GPT-2_nft,0.91156462585034,0.8194308145240431,0.5365853658536585,0.3125,0.578125,0.8666666666666666,0.9865470852017936,0.9333333333333332,1.0,0.981132075471698,0.6688963210702341,0.4359861591695501
Augmentation,0.6977401129943502,0.5800376647834276,0.5405405405405406,0.1159420289855072,0.1811320754716981,0.6956521739130435,0.985244040862656,0.8903620601733808,0.7777777777777778,0.981132075471698,0.5620437956204379,0.1009174311926605
