Generator,Dirty_DBLP-ACM,Dirty_DBLP-GoogleScholar,Dirty_iTunes-Amazon,Dirty_Walmart-Amazon,Structured_Amazon-Google,Structured_Beer,Structured_DBLP-ACM,Structured_DBLP-GoogleScholar,Structured_Fodors-Zagats,Structured_iTunes-Amazon,Structured_Walmart-Amazon,Textual_Abt-Buy
Baseline,0.9131905298759864,0.8281853281853281,0.6666666666666666,0.3727598566308244,0.574468085106383,0.8125000000000001,0.9854748603351956,0.948015122873346,1.0,0.9818181818181818,0.7446153846153847,0.5033112582781457
CTGAN,0.9123595505617976,0.8327710843373495,0.7083333333333334,0.3048327137546468,0.5808080808080808,0.8484848484848484,0.9854423292273236,0.9460737937559128,1.0,0.9818181818181818,0.7374999999999999,0.4949832775919732
GPT-2_ft,0.9095022624434388,0.8338164251207729,0.5714285714285714,0.2777777777777778,0.4761904761904762,0.7407407407407408,0.9854423292273236,0.94314381270903,1.0,0.9615384615384616,0.5093632958801497,0.4545454545454546
GPT-2_nft,0.9103291713961408,0.827552515876893,0.5714285714285714,0.264,0.4943181818181818,0.9032258064516128,0.9854423292273236,0.933012048192771,1.0,0.981132075471698,0.6089965397923875,0.4436619718309859
Augmentation,0.7050561797752809,0.5980024968789013,0.5,0.125,0.1886792452830188,0.5714285714285714,0.9852104664391356,0.8929477422628108,0.7777777777777778,0.981132075471698,0.5693430656934306,0.0925925925925925
