Generator,Dirty_DBLP-ACM,Dirty_DBLP-GoogleScholar,Dirty_iTunes-Amazon,Dirty_Walmart-Amazon,Structured_Amazon-Google,Structured_Beer,Structured_DBLP-ACM,Structured_DBLP-GoogleScholar,Structured_Fodors-Zagats,Structured_iTunes-Amazon,Structured_Walmart-Amazon,Textual_Abt-Buy
Baseline,0.9082672706681768,0.834214320038443,0.6222222222222222,0.3785714285714285,0.5621621621621621,0.8484848484848484,0.9843400447427292,0.9491046182846372,1.0,0.9642857142857144,0.7439024390243902,0.5033112582781457
CTGAN,0.8896174863387978,0.8133755083596927,0.7547169811320754,0.3948220064724919,0.5931372549019608,0.8484848484848484,0.9746974697469748,0.947219604147031,1.0,0.9310344827586208,0.7522935779816514,0.4880952380952381
GPT-2_ft,0.906636670416198,0.8333333333333334,0.72,0.4055944055944055,0.5852417302798981,0.8484848484848484,0.9854423292273236,0.9452830188679244,0.9361702127659576,0.9818181818181818,0.7627627627627627,0.5228758169934641
GPT-2_nft,0.9111361079865016,0.8289156626506025,0.72,0.381625441696113,0.5656565656565656,0.8484848484848484,0.9843400447427292,0.946236559139785,0.9777777777777776,0.9642857142857144,0.7613293051359517,0.4983388704318937
Augmentation,0.906113537117904,0.8289290681502085,0.6923076923076923,0.391025641025641,0.6150234741784036,0.8125000000000001,0.9733924611973392,0.9441624365482235,0.9777777777777776,0.9642857142857144,0.7537091988130563,0.5384615384615385
