Generator,Dirty_DBLP-ACM,Dirty_DBLP-GoogleScholar,Dirty_iTunes-Amazon,Dirty_Walmart-Amazon,Structured_Amazon-Google,Structured_Beer,Structured_DBLP-ACM,Structured_DBLP-GoogleScholar,Structured_Fodors-Zagats,Structured_iTunes-Amazon,Structured_Walmart-Amazon,Textual_Abt-Buy
Baseline,0.9131905298759864,0.8281853281853281,0.6666666666666666,0.3727598566308244,0.574468085106383,0.8125000000000001,0.9854748603351956,0.948015122873346,1.0,0.9818181818181818,0.7446153846153847,0.5033112582781457
CTGAN,0.8881578947368421,0.812016385980883,0.7307692307692308,0.3949044585987261,0.5956416464891041,0.8750000000000001,0.973568281938326,0.9466729589428976,1.0,0.9310344827586208,0.7659574468085107,0.494047619047619
GPT-2_ft,0.9101123595505616,0.8318160038332535,0.6938775510204083,0.4338983050847457,0.5800000000000001,0.8484848484848484,0.9865771812080536,0.9472693032015068,0.0,0.9642857142857144,0.7575757575757575,0.498360655737705
GPT-2_nft,0.9070548712206046,0.8313310908217203,0.6923076923076923,0.4027777777777777,0.5735660847880298,0.8484848484848484,0.9832026875699889,0.9418931583880038,0.9777777777777776,0.9642857142857144,0.7627627627627627,0.5180327868852459
Augmentation,0.9009793253536452,0.8311688311688312,0.6399999999999999,0.3785488958990536,0.6042154566744732,0.8125000000000001,0.975609756097561,0.9463955637707948,0.9777777777777776,0.9642857142857144,0.7413793103448276,0.5393939393939394
