Generator,Dirty_DBLP-ACM,Dirty_DBLP-GoogleScholar,Dirty_iTunes-Amazon,Dirty_Walmart-Amazon,Structured_Amazon-Google,Structured_Beer,Structured_DBLP-ACM,Structured_DBLP-GoogleScholar,Structured_Fodors-Zagats,Structured_iTunes-Amazon,Structured_Walmart-Amazon,Textual_Abt-Buy
Baseline,0.9131905298759864,0.8281853281853281,0.6666666666666666,0.3727598566308244,0.574468085106383,0.8125000000000001,0.9854748603351956,0.948015122873346,1.0,0.9818181818181818,0.7446153846153847,0.5033112582781457
CTGAN,0.8871851040525739,0.8083750568957669,0.76,0.380327868852459,0.5960591133004927,0.8750000000000001,0.9746974697469748,0.946124763705104,1.0,0.9152542372881356,0.7358490566037736,0.4864864864864864
GPT-2_ft,0.9105322763306908,0.8275193798449613,0.5128205128205128,0.2890624999999999,0.5028901734104047,0.7692307692307692,0.9854423292273236,0.9433063363506432,1.0,0.981132075471698,0.5168539325842697,0.4413793103448276
GPT-2_nft,0.9101251422070537,0.8253507498790518,0.6956521739130435,0.2788844621513944,0.5,0.9032258064516128,0.9843400447427292,0.9385796545105566,0.9777777777777776,0.9818181818181818,0.6460481099656358,0.4255319148936169
Augmentation,0.7516254876462938,0.6753100338218715,0.5853658536585367,0.158590308370044,0.2551724137931034,0.8148148148148148,0.9831271091113613,0.9133627019089576,0.8421052631578948,0.981132075471698,0.6116838487972509,0.158590308370044
