Generator,Dirty_DBLP-ACM,Dirty_DBLP-GoogleScholar,Dirty_iTunes-Amazon,Dirty_Walmart-Amazon,Structured_Amazon-Google,Structured_Beer,Structured_DBLP-ACM,Structured_DBLP-GoogleScholar,Structured_Fodors-Zagats,Structured_iTunes-Amazon,Structured_Walmart-Amazon,Textual_Abt-Buy
Baseline,0.9082672706681768,0.834214320038443,0.6222222222222222,0.3785714285714285,0.5621621621621621,0.8484848484848484,0.9843400447427292,0.9491046182846372,1.0,0.9642857142857144,0.7439024390243902,0.5033112582781457
d_Baseline,0.8964732650739476,0.8005684509711037,0.6,0.3563636363636363,0.3542857142857142,0.8125000000000001,0.9787234042553192,0.9099709583736688,1.0,0.8666666666666665,0.6990291262135921,0.3041825095057034
CTGAN,0.8937142857142857,0.8,0.3636363636363636,0.3555555555555555,0.4173441734417344,0.8125000000000001,0.9763779527559054,0.9090909090909092,1.0,0.8666666666666665,0.7142857142857144,0.3106060606060606
GPT-2_ft,0.8720379146919431,0.7898832684824902,0.2424242424242424,0.0382775119617224,0.2822085889570552,0.32,0.9785310734463276,0.8763250883392225,0.9767441860465116,0.8085106382978724,0.1170731707317073,0.1140350877192982
GPT-2_nft,0.8646080760095012,0.7766798418972334,0.3125,0.0471698113207547,0.2821316614420063,0.5714285714285714,0.9764309764309764,0.8668032786885245,1.0,0.92,0.4163265306122449,0.216867469879518
Augmentation,0.0526315789473684,0.0348623853211009,0.0,0.0,0.0,0.0,0.4028776978417265,0.22700911350455677,0.3703703703703703,0.3636363636363636,0.0103092783505154,0.0
