Generator,Dirty_DBLP-ACM,Dirty_DBLP-GoogleScholar,Dirty_iTunes-Amazon,Dirty_Walmart-Amazon,Structured_Amazon-Google,Structured_Beer,Structured_DBLP-ACM,Structured_DBLP-GoogleScholar,Structured_Fodors-Zagats,Structured_iTunes-Amazon,Structured_Walmart-Amazon,Textual_Abt-Buy
Baseline,0.9082672706681768,0.834214320038443,0.6222222222222222,0.3785714285714285,0.5621621621621621,0.8484848484848484,0.9843400447427292,0.9491046182846372,1.0,0.9642857142857144,0.7439024390243902,0.5033112582781457
CTGAN,0.8876772082878952,0.81218735788995,0.7450980392156864,0.3678929765886287,0.6004962779156328,0.8387096774193549,0.9757709251101322,0.9443651925820256,1.0,0.9310344827586208,0.725552050473186,0.5029940119760479
GPT-2_ft,0.9072398190045248,0.824782187802517,0.4736842105263157,0.2823529411764706,0.4970760233918129,0.7857142857142857,0.9843400447427292,0.941738299904489,1.0,1.0,0.5132075471698113,0.4689655172413793
GPT-2_nft,0.9152542372881356,0.8178727537639631,0.6666666666666667,0.3424124513618677,0.5395095367847412,0.9032258064516128,0.9832026875699889,0.9358417752050168,0.9777777777777776,0.9629629629629628,0.6842105263157895,0.4381625441696113
Augmentation,0.7437582128777923,0.6801346801346801,0.5641025641025641,0.1504424778761061,0.2385964912280702,0.7692307692307692,0.9797297297297298,0.9155206286836935,0.9,0.981132075471698,0.623728813559322,0.1403508771929824
